internal_txn_id,merchant_id,merchant_ref,card_type,card_last4,gross_amount,currency,type,captured_at
TXN-000247,MERCH-007,ORD-007-34957,VISA,0113,385.81,USD,SALE,2026-06-05T12:00:00Z
TXN-000060,MERCH-003,ORD-003-19116,AMEX,7370,80.14,USD,SALE,2026-06-07T12:00:00Z
TXN-000264,MERCH-008,ORD-008-24322,VISA,5207,16.01,USD,SALE,2026-06-02T12:00:00Z
TXN-000392,MERCH-008,ORD-008-30374,DISCOVER,3218,815.87,USD,SALE,2026-06-03T12:00:00Z
TXN-000271,MERCH-001,ORD-001-65296,MASTERCARD,6041,673.37,USD,SALE,2026-06-04T12:00:00Z
TXN-000521,MERCH-008,ORD-008-25118,VISA,1783,812.15,USD,SALE,2026-06-02T12:00:00Z
TXN-000394,MERCH-001,ORD-001-46930,AMEX,3472,685.12,USD,SALE,2026-06-05T12:00:00Z
TXN-000440,MERCH-003,ORD-003-97416,VISA,9812,251.59,USD,SALE,2026-06-10T12:00:00Z
TXN-000315,MERCH-007,ORD-007-86569,DISCOVER,9477,791.91,USD,SALE,2026-06-09T12:00:00Z
TXN-000265,MERCH-006,ORD-006-42591,AMEX,4975,225.60,USD,SALE,2026-06-06T12:00:00Z
TXN-000040,MERCH-008,ORD-008-22156,MASTERCARD,7554,255.63,USD,SALE,2026-06-03T12:00:00Z
TXN-000011,MERCH-008,ORD-008-21395,VISA,6064,151.77,USD,SALE,2026-06-02T12:00:00Z
TXN-000407,MERCH-008,ORD-008-65518,DISCOVER,4309,140.92,USD,SALE,2026-06-06T12:00:00Z
TXN-000339,MERCH-008,ORD-008-96163,AMEX,5353,714.90,USD,SALE,2026-06-06T12:00:00Z
TXN-000432,MERCH-007,ORD-007-15482,DISCOVER,4717,825.87,USD,SALE,2026-06-01T12:00:00Z
TXN-000376,MERCH-005,ORD-005-81200,VISA,1693,758.11,USD,SALE,2026-06-05T12:00:00Z
TXN-000158,MERCH-005,ORD-005-10425,AMEX,7439,60.84,USD,SALE,2026-06-03T12:00:00Z
TXN-000380,MERCH-003,ORD-003-79329,VISA,3597,270.28,USD,SALE,2026-06-02T12:00:00Z
TXN-000333,MERCH-001,ORD-001-85880,MASTERCARD,1151,499.55,USD,SALE,2026-06-06T12:00:00Z
TXN-000525,MERCH-004,ORD-004-44795,VISA,1237,82.00,USD,SALE,2026-06-01T12:00:00Z
TXN-000160,MERCH-005,ORD-005-75612,VISA,2949,938.26,USD,SALE,2026-06-09T12:00:00Z
TXN-000167,MERCH-007,ORD-007-76540,VISA,8659,914.36,USD,SALE,2026-06-07T12:00:00Z
TXN-000176,MERCH-002,ORD-002-88504,MASTERCARD,3928,661.28,USD,SALE,2026-06-05T12:00:00Z
TXN-000049,MERCH-007,ORD-007-80284,MASTERCARD,0515,308.42,USD,SALE,2026-06-05T12:00:00Z
TXN-000210,MERCH-006,ORD-006-67422,VISA,4056,254.12,USD,SALE,2026-06-06T12:00:00Z
TXN-000087,MERCH-003,ORD-003-31417,MASTERCARD,4096,174.77,USD,SALE,2026-06-02T12:00:00Z
TXN-000481,MERCH-002,ORD-002-70068,MASTERCARD,2433,-688.31,USD,REFUND,2026-06-11T12:00:00Z
TXN-000228,MERCH-008,ORD-008-40007,MASTERCARD,5198,553.92,USD,SALE,2026-06-05T12:00:00Z
TXN-000331,MERCH-007,ORD-007-84668,MASTERCARD,8297,404.76,USD,SALE,2026-06-06T12:00:00Z
TXN-000516,MERCH-005,ORD-005-19099,AMEX,4912,538.34,USD,SALE,2026-06-08T12:00:00Z
TXN-000113,MERCH-003,ORD-003-44718,DISCOVER,0234,121.12,USD,SALE,2026-06-06T12:00:00Z
TXN-000510,MERCH-008,ORD-008-82132,VISA,1455,-494.15,USD,REFUND,2026-06-11T12:00:00Z
TXN-000095,MERCH-001,ORD-001-52504,AMEX,7487,371.49,USD,SALE,2026-06-05T12:00:00Z
TXN-000397,MERCH-005,ORD-005-54942,VISA,6518,613.06,USD,SALE,2026-06-02T12:00:00Z
TXN-000165,MERCH-004,ORD-004-49117,VISA,8801,461.90,USD,SALE,2026-06-10T12:00:00Z
TXN-000459,MERCH-005,ORD-005-24168,VISA,3644,609.96,USD,SALE,2026-06-06T12:00:00Z
TXN-000151,MERCH-003,ORD-003-94012,VISA,4596,642.92,USD,SALE,2026-06-08T12:00:00Z
TXN-000032,MERCH-007,ORD-007-30926,MASTERCARD,2165,838.31,USD,SALE,2026-06-03T12:00:00Z
TXN-000281,MERCH-005,ORD-005-95477,MASTERCARD,3709,597.84,USD,SALE,2026-06-09T12:00:00Z
TXN-000221,MERCH-004,ORD-004-40161,MASTERCARD,7507,347.17,USD,SALE,2026-06-03T12:00:00Z
TXN-000307,MERCH-006,ORD-006-38534,MASTERCARD,8004,631.78,USD,SALE,2026-06-06T12:00:00Z
TXN-000413,MERCH-001,ORD-001-93507,DISCOVER,6701,585.62,USD,SALE,2026-06-02T12:00:00Z
TXN-000067,MERCH-001,ORD-001-23238,MASTERCARD,8565,409.48,USD,SALE,2026-06-09T12:00:00Z
TXN-000527,MERCH-003,ORD-003-24208,VISA,9821,770.94,USD,SALE,2026-06-01T12:00:00Z
TXN-000517,MERCH-005,ORD-005-46585,VISA,8431,810.88,USD,SALE,2026-06-05T12:00:00Z
TXN-000318,MERCH-002,ORD-002-79615,DISCOVER,4959,745.09,USD,SALE,2026-06-10T12:00:00Z
TXN-000103,MERCH-003,ORD-003-37653,MASTERCARD,6920,725.23,USD,SALE,2026-06-09T12:00:00Z
TXN-000500,MERCH-003,ORD-003-69429,DISCOVER,9620,-19.22,USD,REFUND,2026-06-12T12:00:00Z
TXN-000535,MERCH-001,ORD-001-25157,VISA,8477,-78.74,USD,REFUND,2026-06-01T12:00:00Z
TXN-000133,MERCH-006,ORD-006-30969,AMEX,4095,584.60,USD,SALE,2026-06-06T12:00:00Z
TXN-000403,MERCH-003,ORD-003-42914,VISA,5105,616.09,USD,SALE,2026-06-06T12:00:00Z
TXN-000146,MERCH-008,ORD-008-99166,MASTERCARD,7162,550.54,USD,SALE,2026-06-04T12:00:00Z
TXN-000128,MERCH-005,ORD-005-21915,AMEX,9425,433.59,USD,SALE,2026-06-04T12:00:00Z
TXN-000263,MERCH-004,ORD-004-54473,MASTERCARD,9477,445.96,USD,SALE,2026-06-07T12:00:00Z
TXN-000385,MERCH-006,ORD-006-96951,AMEX,0727,418.94,USD,SALE,2026-06-07T12:00:00Z
TXN-000125,MERCH-005,ORD-005-28131,VISA,5333,69.45,USD,SALE,2026-06-05T12:00:00Z
TXN-000211,MERCH-007,ORD-007-77839,VISA,3429,889.21,USD,SALE,2026-06-05T12:00:00Z
TXN-000206,MERCH-005,ORD-005-62296,VISA,5127,821.26,USD,SALE,2026-06-10T12:00:00Z
TXN-000202,MERCH-007,ORD-007-37760,VISA,4843,100.63,USD,SALE,2026-06-07T12:00:00Z
TXN-000507,MERCH-005,ORD-005-63264,MASTERCARD,5013,-468.33,USD,REFUND,2026-06-05T12:00:00Z
TXN-000353,MERCH-007,ORD-007-94607,VISA,6268,904.53,USD,SALE,2026-06-08T12:00:00Z
TXN-000123,MERCH-001,ORD-001-57447,VISA,4085,123.41,USD,SALE,2026-06-10T12:00:00Z
TXN-000274,MERCH-001,ORD-001-70637,DISCOVER,8570,905.96,USD,SALE,2026-06-10T12:00:00Z
TXN-000539,MERCH-007,ORD-007-43386,DISCOVER,2680,648.15,USD,SALE,2026-06-02T12:00:00Z
TXN-000064,MERCH-006,ORD-006-47930,VISA,9309,933.18,USD,SALE,2026-06-09T12:00:00Z
TXN-000023,MERCH-007,ORD-007-36062,DISCOVER,1250,216.39,USD,SALE,2026-06-03T12:00:00Z
TXN-000474,MERCH-004,ORD-004-15778,MASTERCARD,8540,-221.97,USD,REFUND,2026-06-10T12:00:00Z
TXN-000115,MERCH-002,ORD-002-42325,MASTERCARD,3201,452.63,USD,SALE,2026-06-08T12:00:00Z
TXN-000282,MERCH-006,ORD-006-80855,MASTERCARD,7512,793.09,USD,SALE,2026-06-06T12:00:00Z
TXN-000505,MERCH-005,ORD-005-23473,VISA,6227,-726.00,USD,REFUND,2026-06-08T12:00:00Z
TXN-000437,MERCH-007,ORD-007-37535,MASTERCARD,6532,124.87,USD,SALE,2026-06-03T12:00:00Z
TXN-000112,MERCH-001,ORD-001-28726,MASTERCARD,7328,60.56,USD,SALE,2026-06-05T12:00:00Z
TXN-000059,MERCH-001,ORD-001-35203,VISA,3988,422.28,USD,SALE,2026-06-08T12:00:00Z
TXN-000294,MERCH-008,ORD-008-59672,DISCOVER,2486,259.31,USD,SALE,2026-06-05T12:00:00Z
TXN-000393,MERCH-007,ORD-007-45697,MASTERCARD,8876,94.42,USD,SALE,2026-06-10T12:00:00Z
TXN-000348,MERCH-007,ORD-007-41285,VISA,1858,79.77,USD,SALE,2026-06-04T12:00:00Z
TXN-000422,MERCH-006,ORD-006-19862,AMEX,6461,525.78,USD,SALE,2026-06-10T12:00:00Z
TXN-000012,MERCH-003,ORD-003-87397,MASTERCARD,6208,773.86,USD,SALE,2026-06-04T12:00:00Z
TXN-000540,MERCH-005,ORD-005-15817,VISA,0264,695.18,USD,SALE,2026-06-04T12:00:00Z
TXN-000522,MERCH-008,ORD-008-44237,MASTERCARD,5150,518.75,USD,SALE,2026-06-10T12:00:00Z
TXN-000037,MERCH-001,ORD-001-38221,AMEX,6491,167.00,USD,SALE,2026-06-09T12:00:00Z
TXN-000416,MERCH-006,ORD-006-67912,MASTERCARD,3616,820.64,USD,SALE,2026-06-10T12:00:00Z
TXN-000374,MERCH-002,ORD-002-30676,VISA,4107,372.70,USD,SALE,2026-06-04T12:00:00Z
TXN-000235,MERCH-002,ORD-002-46500,MASTERCARD,2589,607.97,USD,SALE,2026-06-07T12:00:00Z
TXN-000485,MERCH-004,ORD-004-73092,AMEX,7906,-555.64,USD,REFUND,2026-06-13T12:00:00Z
TXN-000046,MERCH-002,ORD-002-44671,VISA,6090,695.10,USD,SALE,2026-06-10T12:00:00Z
TXN-000084,MERCH-005,ORD-005-32431,MASTERCARD,0584,396.15,USD,SALE,2026-06-01T12:00:00Z
TXN-000361,MERCH-004,ORD-004-83792,VISA,5074,824.82,USD,SALE,2026-06-08T12:00:00Z
TXN-000512,MERCH-006,ORD-006-35313,MASTERCARD,1594,77.55,USD,SALE,2026-06-10T12:00:00Z
TXN-000168,MERCH-001,ORD-001-89818,VISA,8822,862.35,USD,SALE,2026-06-04T12:00:00Z
TXN-000174,MERCH-007,ORD-007-79514,AMEX,9439,917.06,USD,SALE,2026-06-08T12:00:00Z
TXN-000377,MERCH-005,ORD-005-49651,VISA,5756,449.84,USD,SALE,2026-06-10T12:00:00Z
TXN-000343,MERCH-001,ORD-001-51467,MASTERCARD,3413,738.83,USD,SALE,2026-06-06T12:00:00Z
TXN-000142,MERCH-006,ORD-006-79352,VISA,5637,329.54,USD,SALE,2026-06-07T12:00:00Z
TXN-000291,MERCH-001,ORD-001-62565,VISA,7718,108.62,USD,SALE,2026-06-06T12:00:00Z
TXN-000019,MERCH-005,ORD-005-76237,VISA,3760,149.36,USD,SALE,2026-06-01T12:00:00Z
TXN-000182,MERCH-003,ORD-003-50306,MASTERCARD,4365,419.66,USD,SALE,2026-06-03T12:00:00Z
TXN-000366,MERCH-008,ORD-008-76307,VISA,9004,641.47,USD,SALE,2026-06-07T12:00:00Z
TXN-000041,MERCH-003,ORD-003-59797,AMEX,3187,938.75,USD,SALE,2026-06-03T12:00:00Z
TXN-000162,MERCH-005,ORD-005-76542,VISA,0787,623.28,USD,SALE,2026-06-03T12:00:00Z
TXN-000026,MERCH-008,ORD-008-64987,VISA,6173,662.30,USD,SALE,2026-06-06T12:00:00Z
TXN-000227,MERCH-001,ORD-001-17716,VISA,3148,590.80,USD,SALE,2026-06-08T12:00:00Z
TXN-000436,MERCH-001,ORD-001-56898,DISCOVER,6591,521.15,USD,SALE,2026-06-03T12:00:00Z
TXN-000058,MERCH-003,ORD-003-85674,DISCOVER,8916,686.74,USD,SALE,2026-06-01T12:00:00Z
TXN-000492,MERCH-008,ORD-008-40982,MASTERCARD,8637,-307.27,USD,REFUND,2026-06-02T12:00:00Z
TXN-000489,MERCH-006,ORD-006-96951,AMEX,0727,-286.94,USD,REFUND,2026-06-07T12:00:00Z
TXN-000355,MERCH-003,ORD-003-69929,DISCOVER,2469,583.39,USD,SALE,2026-06-07T12:00:00Z
TXN-000118,MERCH-001,ORD-001-44438,VISA,1777,511.90,USD,SALE,2026-06-06T12:00:00Z
TXN-000085,MERCH-007,ORD-007-80010,VISA,8085,682.61,USD,SALE,2026-06-04T12:00:00Z
TXN-000427,MERCH-001,ORD-001-86350,DISCOVER,3186,396.06,USD,SALE,2026-06-05T12:00:00Z
TXN-000429,MERCH-008,ORD-008-29410,AMEX,9433,123.50,USD,SALE,2026-06-06T12:00:00Z
TXN-000157,MERCH-001,ORD-001-69470,AMEX,6603,187.18,USD,SALE,2026-06-01T12:00:00Z
TXN-000192,MERCH-007,ORD-007-26483,VISA,1411,911.54,USD,SALE,2026-06-03T12:00:00Z
TXN-000365,MERCH-007,ORD-007-37938,VISA,6163,696.17,USD,SALE,2026-06-06T12:00:00Z
TXN-000301,MERCH-008,ORD-008-82845,MASTERCARD,6493,177.46,USD,SALE,2026-06-10T12:00:00Z
TXN-000010,MERCH-002,ORD-002-81482,VISA,9654,797.72,USD,SALE,2026-06-05T12:00:00Z
TXN-000382,MERCH-003,ORD-003-97538,MASTERCARD,0841,389.10,USD,SALE,2026-06-05T12:00:00Z
TXN-000106,MERCH-005,ORD-005-37869,VISA,8803,573.77,USD,SALE,2026-06-01T12:00:00Z
TXN-000460,MERCH-007,ORD-007-60140,VISA,5408,24.55,USD,SALE,2026-06-09T12:00:00Z
TXN-000293,MERCH-006,ORD-006-31579,VISA,7934,248.94,USD,SALE,2026-06-05T12:00:00Z
TXN-000025,MERCH-004,ORD-004-81426,MASTERCARD,7961,9.75,USD,SALE,2026-06-06T12:00:00Z
TXN-000375,MERCH-008,ORD-008-67433,MASTERCARD,0796,811.49,USD,SALE,2026-06-06T12:00:00Z
TXN-000197,MERCH-004,ORD-004-31643,VISA,8198,771.23,USD,SALE,2026-06-10T12:00:00Z
TXN-000205,MERCH-005,ORD-005-50857,AMEX,2292,523.18,USD,SALE,2026-06-02T12:00:00Z
TXN-000249,MERCH-001,ORD-001-22704,MASTERCARD,1540,418.07,USD,SALE,2026-06-09T12:00:00Z
TXN-000215,MERCH-005,ORD-005-39451,MASTERCARD,5623,258.36,USD,SALE,2026-06-07T12:00:00Z
TXN-000404,MERCH-005,ORD-005-16658,DISCOVER,3169,643.97,USD,SALE,2026-06-01T12:00:00Z
TXN-000464,MERCH-002,ORD-002-36158,VISA,0664,746.17,USD,SALE,2026-06-02T12:00:00Z
TXN-000250,MERCH-005,ORD-005-96374,VISA,9819,294.87,USD,SALE,2026-06-02T12:00:00Z
TXN-000256,MERCH-008,ORD-008-17100,VISA,9130,744.85,USD,SALE,2026-06-08T12:00:00Z
TXN-000232,MERCH-003,ORD-003-19287,MASTERCARD,2297,914.31,USD,SALE,2026-06-07T12:00:00Z
TXN-000121,MERCH-002,ORD-002-86484,MASTERCARD,1397,919.02,USD,SALE,2026-06-09T12:00:00Z
TXN-000078,MERCH-004,ORD-004-44993,VISA,8179,110.68,USD,SALE,2026-06-02T12:00:00Z
TXN-000159,MERCH-003,ORD-003-44522,MASTERCARD,7058,346.78,USD,SALE,2026-06-10T12:00:00Z
TXN-000156,MERCH-008,ORD-008-30730,MASTERCARD,7210,24.12,USD,SALE,2026-06-08T12:00:00Z
TXN-000071,MERCH-004,ORD-004-93320,MASTERCARD,1879,66.29,USD,SALE,2026-06-10T12:00:00Z
TXN-000470,MERCH-007,ORD-007-13101,AMEX,8852,490.69,USD,SALE,2026-06-06T12:00:00Z
TXN-000383,MERCH-007,ORD-007-82692,VISA,9592,6.50,USD,SALE,2026-06-01T12:00:00Z
TXN-000196,MERCH-004,ORD-004-82063,VISA,8152,887.52,USD,SALE,2026-06-04T12:00:00Z
TXN-000246,MERCH-005,ORD-005-63354,DISCOVER,9972,947.27,USD,SALE,2026-06-07T12:00:00Z
TXN-000044,MERCH-006,ORD-006-55082,AMEX,2839,96.18,USD,SALE,2026-06-05T12:00:00Z
TXN-000275,MERCH-005,ORD-005-42742,MASTERCARD,4810,100.84,USD,SALE,2026-06-03T12:00:00Z
TXN-000069,MERCH-008,ORD-008-46434,VISA,4453,781.96,USD,SALE,2026-06-01T12:00:00Z
TXN-000476,MERCH-006,ORD-006-16630,AMEX,9171,-13.82,USD,REFUND,2026-06-10T12:00:00Z
TXN-000230,MERCH-006,ORD-006-14117,VISA,0913,87.12,USD,SALE,2026-06-07T12:00:00Z
TXN-000055,MERCH-002,ORD-002-92397,MASTERCARD,8273,849.32,USD,SALE,2026-06-05T12:00:00Z
TXN-000455,MERCH-007,ORD-007-97806,VISA,4733,271.63,USD,SALE,2026-06-08T12:00:00Z
TXN-000233,MERCH-003,ORD-003-77391,DISCOVER,3591,203.50,USD,SALE,2026-06-10T12:00:00Z
TXN-000141,MERCH-005,ORD-005-71348,VISA,0466,351.83,USD,SALE,2026-06-08T12:00:00Z
TXN-000148,MERCH-007,ORD-007-99353,AMEX,8275,789.03,USD,SALE,2026-06-10T12:00:00Z
TXN-000462,MERCH-003,ORD-003-71694,VISA,1331,471.07,USD,SALE,2026-06-09T12:00:00Z
TXN-000358,MERCH-007,ORD-007-11220,AMEX,2863,330.80,USD,SALE,2026-06-01T12:00:00Z
TXN-000144,MERCH-004,ORD-004-82512,MASTERCARD,2938,947.80,USD,SALE,2026-06-04T12:00:00Z
TXN-000445,MERCH-007,ORD-007-91351,DISCOVER,4511,699.37,USD,SALE,2026-06-07T12:00:00Z
TXN-000122,MERCH-007,ORD-007-62350,MASTERCARD,6946,511.49,USD,SALE,2026-06-08T12:00:00Z
TXN-000073,MERCH-005,ORD-005-31319,VISA,6206,833.72,USD,SALE,2026-06-09T12:00:00Z
TXN-000132,MERCH-002,ORD-002-92240,AMEX,9890,19.15,USD,SALE,2026-06-05T12:00:00Z
TXN-000332,MERCH-004,ORD-004-42271,VISA,9672,276.35,USD,SALE,2026-06-10T12:00:00Z
TXN-000342,MERCH-003,ORD-003-78522,AMEX,0891,545.04,USD,SALE,2026-06-03T12:00:00Z
TXN-BAD-003,MERCH-002,ORD-BAD-00003,MASTERCARD,3400,120.00,EUR,SALE,2026-06-07T12:00:00Z
TXN-000009,MERCH-002,ORD-002-98696,DISCOVER,8046,423.05,USD,SALE,2026-06-07T12:00:00Z
TXN-000518,MERCH-006,ORD-006-56025,MASTERCARD,6678,358.52,USD,SALE,2026-06-02T12:00:00Z
TXN-000426,MERCH-004,ORD-004-58393,DISCOVER,5968,677.30,USD,SALE,2026-06-06T12:00:00Z
TXN-000127,MERCH-003,ORD-003-74686,VISA,7669,656.27,USD,SALE,2026-06-08T12:00:00Z
TXN-000090,MERCH-003,ORD-003-45382,MASTERCARD,3948,131.42,USD,SALE,2026-06-01T12:00:00Z
TXN-000513,MERCH-008,ORD-008-62227,MASTERCARD,8408,942.71,USD,SALE,2026-06-05T12:00:00Z
TXN-000191,MERCH-002,ORD-002-79822,MASTERCARD,1700,758.40,USD,SALE,2026-06-09T12:00:00Z
TXN-000079,MERCH-003,ORD-003-99593,AMEX,8014,587.87,USD,SALE,2026-06-05T12:00:00Z
TXN-000457,MERCH-002,ORD-002-44970,MASTERCARD,0197,203.64,USD,SALE,2026-06-09T12:00:00Z
TXN-000022,MERCH-005,ORD-005-83563,VISA,7268,813.81,USD,SALE,2026-06-02T12:00:00Z
TXN-000257,MERCH-008,ORD-008-98259,VISA,7376,819.61,USD,SALE,2026-06-08T12:00:00Z
TXN-000384,MERCH-008,ORD-008-49240,VISA,5705,750.98,USD,SALE,2026-06-07T12:00:00Z
TXN-000523,MERCH-001,ORD-001-33405,VISA,2001,288.31,USD,SALE,2026-06-10T12:00:00Z
TXN-000538,MERCH-007,ORD-007-34914,MASTERCARD,8964,-48.13,USD,REFUND,2026-06-10T12:00:00Z
TXN-000493,MERCH-004,ORD-004-62923,DISCOVER,2762,-74.20,USD,REFUND,2026-06-04T12:00:00Z
TXN-000199,MERCH-002,ORD-002-79163,VISA,8231,191.30,USD,SALE,2026-06-07T12:00:00Z
TXN-000463,MERCH-006,ORD-006-39154,MASTERCARD,9355,714.01,USD,SALE,2026-06-09T12:00:00Z
TXN-000266,MERCH-008,ORD-008-35112,VISA,0242,671.64,USD,SALE,2026-06-10T12:00:00Z
TXN-000420,MERCH-002,ORD-002-11267,DISCOVER,8908,5.83,USD,SALE,2026-06-05T12:00:00Z
TXN-000431,MERCH-008,ORD-008-26704,VISA,6286,72.79,USD,SALE,2026-06-07T12:00:00Z
TXN-000543,MERCH-003,ORD-003-78146,VISA,6416,700.41,USD,SALE,2026-06-09T12:00:00Z
TXN-000412,MERCH-004,ORD-004-27146,VISA,9941,322.99,USD,SALE,2026-06-08T12:00:00Z
TXN-000515,MERCH-008,ORD-008-46517,DISCOVER,5116,379.48,USD,SALE,2026-06-07T12:00:00Z
TXN-000391,MERCH-008,ORD-008-99855,MASTERCARD,3444,898.54,USD,SALE,2026-06-01T12:00:00Z
TXN-000062,MERCH-004,ORD-004-96673,DISCOVER,2213,910.93,USD,SALE,2026-06-04T12:00:00Z
TXN-000212,MERCH-005,ORD-005-69177,VISA,3882,63.30,USD,SALE,2026-06-10T12:00:00Z
TXN-000224,MERCH-007,ORD-007-10942,VISA,4895,592.10,USD,SALE,2026-06-03T12:00:00Z
TXN-000433,MERCH-004,ORD-004-50404,VISA,4550,717.52,USD,SALE,2026-06-01T12:00:00Z
TXN-000089,MERCH-005,ORD-005-59735,VISA,7069,279.59,USD,SALE,2026-06-01T12:00:00Z
TXN-000286,MERCH-003,ORD-003-31798,VISA,4865,103.88,USD,SALE,2026-06-01T12:00:00Z
TXN-000347,MERCH-007,ORD-007-51180,VISA,3139,850.51,USD,SALE,2026-06-06T12:00:00Z
TXN-000187,MERCH-001,ORD-001-20322,VISA,1657,599.43,USD,SALE,2026-06-03T12:00:00Z
TXN-000147,MERCH-003,ORD-003-25014,DISCOVER,4859,340.87,USD,SALE,2026-06-08T12:00:00Z
TXN-000469,MERCH-001,ORD-001-39219,AMEX,4960,295.47,USD,SALE,2026-06-05T12:00:00Z
TXN-000171,MERCH-006,ORD-006-59009,MASTERCARD,9814,845.95,USD,SALE,2026-06-05T12:00:00Z
TXN-000014,MERCH-001,ORD-001-14165,MASTERCARD,4560,508.20,USD,SALE,2026-06-01T12:00:00Z
TXN-000066,MERCH-003,ORD-003-40512,MASTERCARD,7917,650.90,USD,SALE,2026-06-07T12:00:00Z
TXN-000219,MERCH-001,ORD-001-87110,AMEX,3743,644.03,USD,SALE,2026-06-02T12:00:00Z
TXN-000363,MERCH-005,ORD-005-19602,MASTERCARD,3802,931.84,USD,SALE,2026-06-03T12:00:00Z
TXN-000325,MERCH-004,ORD-004-87992,MASTERCARD,0509,437.30,USD,SALE,2026-06-07T12:00:00Z
TXN-000537,MERCH-001,ORD-001-85574,VISA,5018,-769.36,USD,REFUND,2026-06-01T12:00:00Z
TXN-000143,MERCH-002,ORD-002-42953,VISA,1321,438.70,USD,SALE,2026-06-10T12:00:00Z
TXN-000091,MERCH-005,ORD-005-93886,MASTERCARD,2201,244.55,USD,SALE,2026-06-04T12:00:00Z
TXN-000276,MERCH-006,ORD-006-19880,AMEX,4791,127.99,USD,SALE,2026-06-10T12:00:00Z
TXN-000184,MERCH-004,ORD-004-17592,VISA,4922,173.59,USD,SALE,2026-06-10T12:00:00Z
TXN-000335,MERCH-006,ORD-006-15209,MASTERCARD,9847,471.74,USD,SALE,2026-06-10T12:00:00Z
TXN-000223,MERCH-004,ORD-004-38864,AMEX,8384,37.68,USD,SALE,2026-06-10T12:00:00Z
TXN-000326,MERCH-002,ORD-002-18907,MASTERCARD,6722,924.88,USD,SALE,2026-06-04T12:00:00Z
TXN-000101,MERCH-002,ORD-002-45093,MASTERCARD,2060,416.76,USD,SALE,2026-06-02T12:00:00Z
TXN-000038,MERCH-003,ORD-003-54118,MASTERCARD,1560,298.91,USD,SALE,2026-06-07T12:00:00Z
TXN-000030,MERCH-007,ORD-007-46463,VISA,1085,764.90,USD,SALE,2026-06-01T12:00:00Z
TXN-000086,MERCH-007,ORD-007-42087,DISCOVER,9510,732.14,USD,SALE,2026-06-09T12:00:00Z
TXN-000214,MERCH-006,ORD-006-42493,VISA,9349,636.64,USD,SALE,2026-06-10T12:00:00Z
TXN-000471,MERCH-002,ORD-002-64948,AMEX,6217,-392.83,USD,REFUND,2026-06-13T12:00:00Z
TXN-000222,MERCH-002,ORD-002-87128,VISA,3734,514.62,USD,SALE,2026-06-04T12:00:00Z
TXN-000200,MERCH-002,ORD-002-89507,VISA,0016,719.37,USD,SALE,2026-06-10T12:00:00Z
TXN-000251,MERCH-006,ORD-006-66498,VISA,5461,431.33,USD,SALE,2026-06-02T12:00:00Z
TXN-000454,MERCH-006,ORD-006-63964,AMEX,8273,893.46,USD,SALE,2026-06-08T12:00:00Z
TXN-000116,MERCH-004,ORD-004-83579,VISA,3911,497.53,USD,SALE,2026-06-03T12:00:00Z
TXN-000483,MERCH-006,ORD-006-38534,MASTERCARD,8004,-290.62,USD,REFUND,2026-06-07T12:00:00Z
TXN-000418,MERCH-002,ORD-002-66057,VISA,7300,779.91,USD,SALE,2026-06-08T12:00:00Z
TXN-000033,MERCH-001,ORD-001-65392,VISA,3116,217.12,USD,SALE,2026-06-02T12:00:00Z
TXN-000350,MERCH-004,ORD-004-61876,MASTERCARD,5332,83.02,USD,SALE,2026-06-10T12:00:00Z
TXN-000234,MERCH-006,ORD-006-41195,MASTERCARD,0198,49.18,USD,SALE,2026-06-03T12:00:00Z
TXN-000216,MERCH-005,ORD-005-18392,VISA,4018,534.01,USD,SALE,2026-06-02T12:00:00Z
TXN-000166,MERCH-003,ORD-003-93748,VISA,4394,485.78,USD,SALE,2026-06-08T12:00:00Z
TXN-000045,MERCH-007,ORD-007-89131,AMEX,1763,602.48,USD,SALE,2026-06-06T12:00:00Z
TXN-000268,MERCH-002,ORD-002-80292,DISCOVER,1216,603.89,USD,SALE,2026-06-10T12:00:00Z
TXN-000506,MERCH-008,ORD-008-67433,MASTERCARD,0796,-706.43,USD,REFUND,2026-06-09T12:00:00Z
TXN-000082,MERCH-008,ORD-008-89840,DISCOVER,3667,299.98,USD,SALE,2026-06-03T12:00:00Z
TXN-000472,MERCH-006,ORD-006-38785,MASTERCARD,0714,-244.71,USD,REFUND,2026-06-03T12:00:00Z
TXN-000039,MERCH-002,ORD-002-23396,VISA,6079,586.69,USD,SALE,2026-06-10T12:00:00Z
TXN-000070,MERCH-003,ORD-003-69429,DISCOVER,9620,174.78,USD,SALE,2026-06-10T12:00:00Z
TXN-000531,MERCH-006,ORD-006-51114,VISA,3131,244.31,USD,SALE,2026-06-04T12:00:00Z
TXN-000467,MERCH-001,ORD-001-50001,MASTERCARD,2653,460.85,USD,SALE,2026-06-05T12:00:00Z
TXN-000379,MERCH-008,ORD-008-95717,DISCOVER,1689,105.16,USD,SALE,2026-06-01T12:00:00Z
TXN-000369,MERCH-008,ORD-008-55745,VISA,3142,542.15,USD,SALE,2026-06-07T12:00:00Z
TXN-000341,MERCH-003,ORD-003-84085,VISA,2348,162.09,USD,SALE,2026-06-08T12:00:00Z
TXN-000430,MERCH-003,ORD-003-66333,VISA,5749,554.71,USD,SALE,2026-06-04T12:00:00Z
TXN-000135,MERCH-001,ORD-001-65333,VISA,3944,299.43,USD,SALE,2026-06-01T12:00:00Z
TXN-000029,MERCH-002,ORD-002-87236,VISA,4479,669.94,USD,SALE,2026-06-08T12:00:00Z
TXN-000452,MERCH-006,ORD-006-33509,VISA,6646,821.70,USD,SALE,2026-06-03T12:00:00Z
TXN-000499,MERCH-002,ORD-002-11267,DISCOVER,8908,-5.68,USD,REFUND,2026-06-05T12:00:00Z
TXN-000534,MERCH-008,ORD-008-77033,MASTERCARD,0758,939.66,USD,SALE,2026-06-10T12:00:00Z
TXN-000504,MERCH-001,ORD-001-65296,MASTERCARD,6041,-653.48,USD,REFUND,2026-06-06T12:00:00Z
TXN-000349,MERCH-001,ORD-001-44814,VISA,4842,581.83,USD,SALE,2026-06-02T12:00:00Z
TXN-000207,MERCH-002,ORD-002-98039,VISA,5073,246.10,USD,SALE,2026-06-10T12:00:00Z
TXN-000204,MERCH-007,ORD-007-36365,DISCOVER,1531,16.36,USD,SALE,2026-06-09T12:00:00Z
TXN-000359,MERCH-002,ORD-002-70068,MASTERCARD,2433,876.34,USD,SALE,2026-06-10T12:00:00Z
TXN-000446,MERCH-007,ORD-007-30257,VISA,3360,582.84,USD,SALE,2026-06-07T12:00:00Z
TXN-000477,MERCH-001,ORD-001-97841,MASTERCARD,4857,-21.98,USD,REFUND,2026-06-07T12:00:00Z
TXN-000138,MERCH-005,ORD-005-60432,MASTERCARD,6664,458.60,USD,SALE,2026-06-08T12:00:00Z
TXN-000270,MERCH-006,ORD-006-28373,AMEX,6203,767.92,USD,SALE,2026-06-03T12:00:00Z
TXN-000273,MERCH-003,ORD-003-46509,VISA,5083,225.20,USD,SALE,2026-06-05T12:00:00Z
TXN-000354,MERCH-008,ORD-008-49321,AMEX,3345,329.66,USD,SALE,2026-06-06T12:00:00Z
TXN-000508,MERCH-006,ORD-006-90173,AMEX,0487,-12.21,USD,REFUND,2026-06-04T12:00:00Z
TXN-000267,MERCH-003,ORD-003-34931,AMEX,6550,935.95,USD,SALE,2026-06-05T12:00:00Z
TXN-000188,MERCH-006,ORD-006-21226,VISA,4847,493.01,USD,SALE,2026-06-08T12:00:00Z
TXN-000244,MERCH-008,ORD-008-41850,DISCOVER,1974,135.19,USD,SALE,2026-06-08T12:00:00Z
TXN-000155,MERCH-004,ORD-004-66985,MASTERCARD,0846,863.65,USD,SALE,2026-06-08T12:00:00Z
TXN-000288,MERCH-006,ORD-006-73653,VISA,9690,944.62,USD,SALE,2026-06-09T12:00:00Z
TXN-000236,MERCH-001,ORD-001-97684,AMEX,9515,40.30,USD,SALE,2026-06-08T12:00:00Z
TXN-000313,MERCH-005,ORD-005-17492,MASTERCARD,1362,235.93,USD,SALE,2026-06-05T12:00:00Z
TXN-000130,MERCH-006,ORD-006-24371,VISA,8220,904.11,USD,SALE,2026-06-01T12:00:00Z
TXN-000368,MERCH-006,ORD-006-27361,MASTERCARD,6255,466.41,USD,SALE,2026-06-04T12:00:00Z
TXN-000149,MERCH-006,ORD-006-80381,VISA,6628,291.41,USD,SALE,2026-06-10T12:00:00Z
TXN-000262,MERCH-004,ORD-004-62772,MASTERCARD,4228,588.03,USD,SALE,2026-06-09T12:00:00Z
TXN-000007,MERCH-008,ORD-008-28289,VISA,4456,724.04,USD,SALE,2026-06-02T12:00:00Z
TXN-000004,MERCH-006,ORD-006-46048,VISA,4521,303.35,USD,SALE,2026-06-08T12:00:00Z
TXN-000020,MERCH-005,ORD-005-88907,VISA,0654,274.02,USD,SALE,2026-06-05T12:00:00Z
TXN-000080,MERCH-003,ORD-003-94939,VISA,7412,435.74,USD,SALE,2026-06-02T12:00:00Z
TXN-000053,MERCH-004,ORD-004-82357,AMEX,7650,875.49,USD,SALE,2026-06-08T12:00:00Z
TXN-000097,MERCH-002,ORD-002-40021,AMEX,4993,94.71,USD,SALE,2026-06-10T12:00:00Z
TXN-000425,MERCH-001,ORD-001-14722,VISA,9997,238.07,USD,SALE,2026-06-02T12:00:00Z
TXN-000490,MERCH-002,ORD-002-98696,DISCOVER,8046,-37.06,USD,REFUND,2026-06-07T12:00:00Z
TXN-000502,MERCH-004,ORD-004-20328,VISA,9848,-63.74,USD,REFUND,2026-06-08T12:00:00Z
TXN-000034,MERCH-008,ORD-008-54597,MASTERCARD,8027,258.00,USD,SALE,2026-06-10T12:00:00Z
TXN-000139,MERCH-002,ORD-002-60019,MASTERCARD,0583,721.53,USD,SALE,2026-06-08T12:00:00Z
TXN-000119,MERCH-006,ORD-006-86622,VISA,0387,252.92,USD,SALE,2026-06-02T12:00:00Z
TXN-000072,MERCH-001,ORD-001-57819,MASTERCARD,5850,172.08,USD,SALE,2026-06-03T12:00:00Z
TXN-000209,MERCH-007,ORD-007-58944,VISA,1807,113.40,USD,SALE,2026-06-06T12:00:00Z
TXN-000389,MERCH-006,ORD-006-25129,MASTERCARD,5054,392.73,USD,SALE,2026-06-01T12:00:00Z
TXN-000269,MERCH-007,ORD-007-68800,VISA,0892,775.04,USD,SALE,2026-06-04T12:00:00Z
TXN-000340,MERCH-006,ORD-006-86503,DISCOVER,2006,452.72,USD,SALE,2026-06-02T12:00:00Z
TXN-000405,MERCH-007,ORD-007-22097,VISA,1416,363.34,USD,SALE,2026-06-08T12:00:00Z
TXN-000314,MERCH-002,ORD-002-16572,VISA,4719,482.02,USD,SALE,2026-06-01T12:00:00Z
TXN-000259,MERCH-005,ORD-005-94696,VISA,9208,441.38,USD,SALE,2026-06-01T12:00:00Z
TXN-000240,MERCH-007,ORD-007-27342,AMEX,0312,730.56,USD,SALE,2026-06-03T12:00:00Z
TXN-000478,MERCH-002,ORD-002-28301,VISA,0607,-266.92,USD,REFUND,2026-06-07T12:00:00Z
TXN-000295,MERCH-006,ORD-006-10282,MASTERCARD,0339,604.34,USD,SALE,2026-06-09T12:00:00Z
TXN-000283,MERCH-007,ORD-007-11934,DISCOVER,5058,479.48,USD,SALE,2026-06-06T12:00:00Z
TXN-000229,MERCH-006,ORD-006-18834,VISA,8023,78.16,USD,SALE,2026-06-09T12:00:00Z
TXN-000465,MERCH-002,ORD-002-70332,AMEX,4689,342.66,USD,SALE,2026-06-10T12:00:00Z
TXN-000390,MERCH-004,ORD-004-24029,VISA,4620,166.32,USD,SALE,2026-06-05T12:00:00Z
TXN-000410,MERCH-005,ORD-005-10464,DISCOVER,2533,497.22,USD,SALE,2026-06-10T12:00:00Z
TXN-000074,MERCH-004,ORD-004-58520,VISA,5884,477.77,USD,SALE,2026-06-06T12:00:00Z
TXN-000439,MERCH-008,ORD-008-42706,VISA,6306,611.13,USD,SALE,2026-06-04T12:00:00Z
TXN-BAD-001,MERCH-003,ORD-BAD-00001,,4111,88.00,USD,SALE,2026-06-05T12:00:00Z
TXN-000153,MERCH-005,ORD-005-24621,DISCOVER,1095,744.85,USD,SALE,2026-06-02T12:00:00Z
TXN-000179,MERCH-008,ORD-008-12552,VISA,8768,848.67,USD,SALE,2026-06-09T12:00:00Z
TXN-000081,MERCH-007,ORD-007-19358,MASTERCARD,0005,465.65,USD,SALE,2026-06-03T12:00:00Z
TXN-000005,MERCH-005,ORD-005-42098,MASTERCARD,6996,946.86,USD,SALE,2026-06-04T12:00:00Z
TXN-000108,MERCH-006,ORD-006-75435,MASTERCARD,9152,119.72,USD,SALE,2026-06-03T12:00:00Z
TXN-000424,MERCH-007,ORD-007-81511,VISA,4090,277.93,USD,SALE,2026-06-05T12:00:00Z
TXN-000329,MERCH-004,ORD-004-62923,DISCOVER,2762,162.00,USD,SALE,2026-06-02T12:00:00Z
TXN-000322,MERCH-007,ORD-007-20500,VISA,7461,283.97,USD,SALE,2026-06-08T12:00:00Z
TXN-000028,MERCH-005,ORD-005-68878,VISA,7779,590.18,USD,SALE,2026-06-06T12:00:00Z
TXN-000327,MERCH-002,ORD-002-98501,VISA,9293,694.07,USD,SALE,2026-06-05T12:00:00Z
TXN-000336,MERCH-007,ORD-007-91183,VISA,9338,754.16,USD,SALE,2026-06-10T12:00:00Z
TXN-000511,MERCH-003,ORD-003-96511,MASTERCARD,1182,134.97,USD,SALE,2026-06-09T12:00:00Z
TXN-000006,MERCH-006,ORD-006-39256,AMEX,8191,456.34,USD,SALE,2026-06-07T12:00:00Z
TXN-000542,MERCH-006,ORD-006-10221,VISA,2437,230.02,USD,SALE,2026-06-04T12:00:00Z
TXN-000104,MERCH-001,ORD-001-84341,VISA,9470,592.55,USD,SALE,2026-06-02T12:00:00Z
TXN-000449,MERCH-006,ORD-006-33206,VISA,0618,892.25,USD,SALE,2026-06-07T12:00:00Z
TXN-000111,MERCH-001,ORD-001-70142,VISA,9493,781.31,USD,SALE,2026-06-02T12:00:00Z
TXN-000075,MERCH-005,ORD-005-56566,VISA,9480,601.37,USD,SALE,2026-06-09T12:00:00Z
TXN-000417,MERCH-006,ORD-006-82309,AMEX,3443,776.47,USD,SALE,2026-06-06T12:00:00Z
TXN-000076,MERCH-003,ORD-003-37460,VISA,7119,580.72,USD,SALE,2026-06-01T12:00:00Z
TXN-000357,MERCH-002,ORD-002-19508,VISA,7200,434.65,USD,SALE,2026-06-10T12:00:00Z
TXN-000414,MERCH-006,ORD-006-44335,VISA,5620,97.50,USD,SALE,2026-06-05T12:00:00Z
TXN-000444,MERCH-005,ORD-005-63264,MASTERCARD,5013,893.29,USD,SALE,2026-06-03T12:00:00Z
TXN-000002,MERCH-003,ORD-003-24592,VISA,2757,612.76,USD,SALE,2026-06-10T12:00:00Z
TXN-000475,MERCH-001,ORD-001-57447,VISA,4085,-40.47,USD,REFUND,2026-06-12T12:00:00Z
TXN-000292,MERCH-003,ORD-003-17685,MASTERCARD,0390,853.94,USD,SALE,2026-06-02T12:00:00Z
TXN-000237,MERCH-005,ORD-005-73624,MASTERCARD,7297,37.31,USD,SALE,2026-06-09T12:00:00Z
TXN-000428,MERCH-006,ORD-006-82420,VISA,7979,554.72,USD,SALE,2026-06-01T12:00:00Z
TXN-000129,MERCH-008,ORD-008-16175,VISA,8427,750.53,USD,SALE,2026-06-08T12:00:00Z
TXN-000287,MERCH-006,ORD-006-63269,MASTERCARD,5170,155.69,USD,SALE,2026-06-02T12:00:00Z
TXN-000303,MERCH-007,ORD-007-73788,MASTERCARD,3230,174.80,USD,SALE,2026-06-08T12:00:00Z
TXN-000027,MERCH-001,ORD-001-38893,VISA,5931,839.87,USD,SALE,2026-06-07T12:00:00Z
TXN-000284,MERCH-007,ORD-007-22224,VISA,5981,926.63,USD,SALE,2026-06-10T12:00:00Z
TXN-000524,MERCH-008,ORD-008-86099,VISA,7124,234.15,USD,SALE,2026-06-07T12:00:00Z
TXN-000317,MERCH-008,ORD-008-75909,VISA,1038,238.66,USD,SALE,2026-06-01T12:00:00Z
TXN-000050,MERCH-001,ORD-001-26361,MASTERCARD,9810,578.19,USD,SALE,2026-06-08T12:00:00Z
TXN-000114,MERCH-002,ORD-002-28301,VISA,0607,857.89,USD,SALE,2026-06-06T12:00:00Z
TXN-000399,MERCH-005,ORD-005-93130,VISA,7907,585.04,USD,SALE,2026-06-07T12:00:00Z
TXN-000415,MERCH-006,ORD-006-31178,VISA,9464,810.40,USD,SALE,2026-06-08T12:00:00Z
TXN-000061,MERCH-005,ORD-005-16006,VISA,2234,470.51,USD,SALE,2026-06-10T12:00:00Z
TXN-000450,MERCH-004,ORD-004-64040,MASTERCARD,7626,182.16,USD,SALE,2026-06-10T12:00:00Z
TXN-000408,MERCH-004,ORD-004-46265,AMEX,4291,340.72,USD,SALE,2026-06-08T12:00:00Z
TXN-000001,MERCH-001,ORD-001-93810,VISA,4759,223.40,USD,SALE,2026-06-09T12:00:00Z
TXN-000312,MERCH-001,ORD-001-51104,MASTERCARD,7673,943.42,USD,SALE,2026-06-04T12:00:00Z
TXN-000177,MERCH-007,ORD-007-52487,AMEX,0772,297.27,USD,SALE,2026-06-02T12:00:00Z
TXN-000134,MERCH-004,ORD-004-99192,VISA,9539,141.29,USD,SALE,2026-06-03T12:00:00Z
TXN-000201,MERCH-006,ORD-006-65461,MASTERCARD,0740,184.41,USD,SALE,2026-06-07T12:00:00Z
TXN-000261,MERCH-003,ORD-003-17944,VISA,2124,59.36,USD,SALE,2026-06-08T12:00:00Z
TXN-000448,MERCH-007,ORD-007-31299,VISA,2017,435.11,USD,SALE,2026-06-06T12:00:00Z
TXN-000031,MERCH-003,ORD-003-10851,MASTERCARD,9863,11.81,USD,SALE,2026-06-03T12:00:00Z
TXN-000458,MERCH-001,ORD-001-30866,DISCOVER,7736,15.48,USD,SALE,2026-06-05T12:00:00Z
TXN-000052,MERCH-004,ORD-004-20328,VISA,9848,159.50,USD,SALE,2026-06-06T12:00:00Z
TXN-000190,MERCH-004,ORD-004-19071,VISA,5455,731.56,USD,SALE,2026-06-06T12:00:00Z
TXN-000324,MERCH-002,ORD-002-18981,AMEX,8571,582.20,USD,SALE,2026-06-10T12:00:00Z
TXN-000438,MERCH-001,ORD-001-99399,MASTERCARD,1087,490.60,USD,SALE,2026-06-09T12:00:00Z
TXN-000068,MERCH-008,ORD-008-59823,VISA,5355,813.55,USD,SALE,2026-06-06T12:00:00Z
TXN-000238,MERCH-008,ORD-008-38080,MASTERCARD,2117,576.97,USD,SALE,2026-06-03T12:00:00Z
TXN-000356,MERCH-004,ORD-004-51441,DISCOVER,5852,819.94,USD,SALE,2026-06-06T12:00:00Z
TXN-000498,MERCH-004,ORD-004-41571,MASTERCARD,9680,-63.11,USD,REFUND,2026-06-09T12:00:00Z
TXN-000120,MERCH-005,ORD-005-66155,MASTERCARD,7901,288.63,USD,SALE,2026-06-10T12:00:00Z
TXN-000173,MERCH-005,ORD-005-80697,MASTERCARD,5058,720.16,USD,SALE,2026-06-03T12:00:00Z
TXN-000260,MERCH-001,ORD-001-22899,MASTERCARD,7516,198.43,USD,SALE,2026-06-02T12:00:00Z
TXN-000304,MERCH-006,ORD-006-30289,MASTERCARD,4892,859.90,USD,SALE,2026-06-09T12:00:00Z
TXN-000308,MERCH-001,ORD-001-17665,VISA,8524,392.11,USD,SALE,2026-06-07T12:00:00Z
TXN-000186,MERCH-008,ORD-008-84364,VISA,4478,412.84,USD,SALE,2026-06-06T12:00:00Z
TXN-000364,MERCH-004,ORD-004-80468,VISA,4558,467.45,USD,SALE,2026-06-08T12:00:00Z
TXN-000330,MERCH-006,ORD-006-25713,MASTERCARD,0699,406.03,USD,SALE,2026-06-05T12:00:00Z
TXN-000482,MERCH-001,ORD-001-39219,AMEX,4960,-182.15,USD,REFUND,2026-06-05T12:00:00Z
TXN-000526,MERCH-005,ORD-005-15014,MASTERCARD,7366,477.06,USD,SALE,2026-06-09T12:00:00Z
TXN-000099,MERCH-008,ORD-008-51347,DISCOVER,0094,618.02,USD,SALE,2026-06-01T12:00:00Z
TXN-000048,MERCH-001,ORD-001-70217,VISA,2659,120.61,USD,SALE,2026-06-06T12:00:00Z
TXN-000528,MERCH-002,ORD-002-88193,AMEX,6408,628.07,USD,SALE,2026-06-02T12:00:00Z
TXN-000172,MERCH-005,ORD-005-31174,AMEX,9870,902.24,USD,SALE,2026-06-04T12:00:00Z
TXN-000036,MERCH-007,ORD-007-30379,MASTERCARD,1372,688.65,USD,SALE,2026-06-10T12:00:00Z
TXN-000181,MERCH-003,ORD-003-57576,VISA,2710,942.86,USD,SALE,2026-06-06T12:00:00Z
TXN-000299,MERCH-006,ORD-006-47388,VISA,0272,653.54,USD,SALE,2026-06-07T12:00:00Z
TXN-000175,MERCH-001,ORD-001-10074,MASTERCARD,7764,785.27,USD,SALE,2026-06-03T12:00:00Z
TXN-000530,MERCH-003,ORD-003-55309,VISA,9006,299.98,USD,SALE,2026-06-02T12:00:00Z
TXN-000252,MERCH-005,ORD-005-56438,AMEX,2367,63.35,USD,SALE,2026-06-09T12:00:00Z
TXN-000225,MERCH-006,ORD-006-19305,AMEX,1264,400.75,USD,SALE,2026-06-02T12:00:00Z
TXN-000503,MERCH-005,ORD-005-31174,AMEX,9870,-723.37,USD,REFUND,2026-06-06T12:00:00Z
TXN-000253,MERCH-002,ORD-002-65519,AMEX,8481,353.57,USD,SALE,2026-06-04T12:00:00Z
TXN-000092,MERCH-005,ORD-005-83000,VISA,5421,177.70,USD,SALE,2026-06-02T12:00:00Z
TXN-000290,MERCH-001,ORD-001-38016,AMEX,8779,877.16,USD,SALE,2026-06-01T12:00:00Z
TXN-000400,MERCH-004,ORD-004-44600,VISA,7371,294.94,USD,SALE,2026-06-06T12:00:00Z
TXN-000371,MERCH-003,ORD-003-42018,DISCOVER,5601,406.42,USD,SALE,2026-06-02T12:00:00Z
TXN-BAD-002,MERCH-005,ORD-BAD-00002,VISA,5200,N/A,USD,SALE,2026-06-06T12:00:00Z
TXN-000043,MERCH-005,ORD-005-57052,VISA,0404,896.36,USD,SALE,2026-06-09T12:00:00Z
TXN-000231,MERCH-005,ORD-005-53309,VISA,7848,279.23,USD,SALE,2026-06-02T12:00:00Z
TXN-000520,MERCH-003,ORD-003-13617,VISA,8346,351.49,USD,SALE,2026-06-10T12:00:00Z
TXN-000514,MERCH-008,ORD-008-53025,VISA,1812,938.20,USD,SALE,2026-06-02T12:00:00Z
TXN-000098,MERCH-005,ORD-005-14207,MASTERCARD,3792,371.32,USD,SALE,2026-06-08T12:00:00Z
TXN-000194,MERCH-007,ORD-007-96474,VISA,4393,839.29,USD,SALE,2026-06-06T12:00:00Z
TXN-000093,MERCH-006,ORD-006-38785,MASTERCARD,0714,258.38,USD,SALE,2026-06-03T12:00:00Z
TXN-000150,MERCH-008,ORD-008-44973,MASTERCARD,1900,866.75,USD,SALE,2026-06-05T12:00:00Z
TXN-000316,MERCH-007,ORD-007-72493,MASTERCARD,2006,609.56,USD,SALE,2026-06-02T12:00:00Z
TXN-000453,MERCH-006,ORD-006-53540,AMEX,0662,342.17,USD,SALE,2026-06-02T12:00:00Z
TXN-000137,MERCH-003,ORD-003-18326,MASTERCARD,2748,782.25,USD,SALE,2026-06-05T12:00:00Z
TXN-000297,MERCH-007,ORD-007-44760,MASTERCARD,1360,600.13,USD,SALE,2026-06-09T12:00:00Z
TXN-000456,MERCH-004,ORD-004-42527,MASTERCARD,9313,127.23,USD,SALE,2026-06-05T12:00:00Z
TXN-000136,MERCH-008,ORD-008-88172,VISA,7579,908.63,USD,SALE,2026-06-03T12:00:00Z
TXN-000131,MERCH-008,ORD-008-30033,MASTERCARD,7471,104.36,USD,SALE,2026-06-04T12:00:00Z
TXN-000042,MERCH-002,ORD-002-22676,MASTERCARD,5804,308.02,USD,SALE,2026-06-06T12:00:00Z
TXN-000468,MERCH-002,ORD-002-39831,VISA,7743,892.04,USD,SALE,2026-06-07T12:00:00Z
TXN-000013,MERCH-005,ORD-005-65302,DISCOVER,5518,676.19,USD,SALE,2026-06-09T12:00:00Z
TXN-000310,MERCH-004,ORD-004-81066,MASTERCARD,7725,236.12,USD,SALE,2026-06-02T12:00:00Z
TXN-000254,MERCH-006,ORD-006-63883,VISA,7600,451.27,USD,SALE,2026-06-04T12:00:00Z
TXN-000319,MERCH-007,ORD-007-30635,MASTERCARD,1447,273.24,USD,SALE,2026-06-07T12:00:00Z
TXN-000183,MERCH-003,ORD-003-41385,AMEX,6624,436.37,USD,SALE,2026-06-05T12:00:00Z
TXN-000152,MERCH-006,ORD-006-54587,MASTERCARD,0280,62.19,USD,SALE,2026-06-06T12:00:00Z
TXN-000124,MERCH-006,ORD-006-38746,VISA,2264,290.54,USD,SALE,2026-06-08T12:00:00Z
TXN-000321,MERCH-001,ORD-001-76562,MASTERCARD,9730,760.08,USD,SALE,2026-06-09T12:00:00Z
TXN-000480,MERCH-005,ORD-005-49651,VISA,5756,-281.25,USD,REFUND,2026-06-11T12:00:00Z
TXN-000065,MERCH-004,ORD-004-20458,AMEX,0107,708.20,USD,SALE,2026-06-09T12:00:00Z
TXN-000105,MERCH-008,ORD-008-51245,VISA,5664,520.85,USD,SALE,2026-06-08T12:00:00Z
TXN-000054,MERCH-008,ORD-008-48427,DISCOVER,9213,228.17,USD,SALE,2026-06-01T12:00:00Z
TXN-000495,MERCH-006,ORD-006-46048,VISA,4521,-60.77,USD,REFUND,2026-06-08T12:00:00Z
TXN-000180,MERCH-006,ORD-006-24662,VISA,1930,650.28,USD,SALE,2026-06-07T12:00:00Z
TXN-000016,MERCH-007,ORD-007-22280,MASTERCARD,9416,34.86,USD,SALE,2026-06-09T12:00:00Z
TXN-000248,MERCH-001,ORD-001-22363,VISA,4013,390.73,USD,SALE,2026-06-03T12:00:00Z
TXN-000102,MERCH-006,ORD-006-18675,VISA,5189,172.12,USD,SALE,2026-06-07T12:00:00Z
TXN-000255,MERCH-003,ORD-003-71213,MASTERCARD,2114,192.62,USD,SALE,2026-06-03T12:00:00Z
TXN-000386,MERCH-004,ORD-004-23577,VISA,3249,443.31,USD,SALE,2026-06-01T12:00:00Z
TXN-000494,MERCH-007,ORD-007-22097,VISA,1416,-354.09,USD,REFUND,2026-06-11T12:00:00Z
TXN-000245,MERCH-007,ORD-007-71993,VISA,0258,53.11,USD,SALE,2026-06-06T12:00:00Z
TXN-000388,MERCH-006,ORD-006-44664,AMEX,9081,545.80,USD,SALE,2026-06-04T12:00:00Z
TXN-000395,MERCH-006,ORD-006-89276,VISA,5383,449.99,USD,SALE,2026-06-06T12:00:00Z
TXN-000285,MERCH-008,ORD-008-40982,MASTERCARD,8637,333.15,USD,SALE,2026-06-01T12:00:00Z
TXN-000100,MERCH-003,ORD-003-62581,MASTERCARD,6196,834.28,USD,SALE,2026-06-09T12:00:00Z
TXN-000217,MERCH-006,ORD-006-54313,DISCOVER,3057,851.98,USD,SALE,2026-06-08T12:00:00Z
TXN-000401,MERCH-006,ORD-006-76244,MASTERCARD,5822,291.30,USD,SALE,2026-06-08T12:00:00Z
TXN-000302,MERCH-004,ORD-004-96752,VISA,9378,80.82,USD,SALE,2026-06-03T12:00:00Z
TXN-000154,MERCH-007,ORD-007-48469,MASTERCARD,8304,330.18,USD,SALE,2026-06-10T12:00:00Z
TXN-000497,MERCH-006,ORD-006-63883,VISA,7600,-195.19,USD,REFUND,2026-06-04T12:00:00Z
TXN-000289,MERCH-004,ORD-004-73092,AMEX,7906,827.79,USD,SALE,2026-06-10T12:00:00Z
TXN-000017,MERCH-008,ORD-008-38657,VISA,7971,200.08,USD,SALE,2026-06-06T12:00:00Z
TXN-000334,MERCH-008,ORD-008-87924,VISA,2600,387.96,USD,SALE,2026-06-01T12:00:00Z
TXN-000218,MERCH-003,ORD-003-12757,VISA,8142,861.38,USD,SALE,2026-06-04T12:00:00Z
TXN-000057,MERCH-005,ORD-005-57400,MASTERCARD,0805,836.73,USD,SALE,2026-06-01T12:00:00Z
TXN-000047,MERCH-001,ORD-001-15695,VISA,2491,524.04,USD,SALE,2026-06-05T12:00:00Z
TXN-000435,MERCH-008,ORD-008-15229,VISA,9813,12.73,USD,SALE,2026-06-08T12:00:00Z
TXN-000021,MERCH-001,ORD-001-13478,VISA,1913,11.93,USD,SALE,2026-06-07T12:00:00Z
TXN-000346,MERCH-008,ORD-008-97782,VISA,8235,657.39,USD,SALE,2026-06-03T12:00:00Z
TXN-000083,MERCH-007,ORD-007-93227,MASTERCARD,7531,145.69,USD,SALE,2026-06-04T12:00:00Z
TXN-000063,MERCH-004,ORD-004-39871,DISCOVER,0387,357.39,USD,SALE,2026-06-01T12:00:00Z
TXN-000398,MERCH-006,ORD-006-36685,VISA,3961,588.21,USD,SALE,2026-06-10T12:00:00Z
TXN-000351,MERCH-003,ORD-003-27154,VISA,8143,93.05,USD,SALE,2026-06-01T12:00:00Z
TXN-000421,MERCH-008,ORD-008-24663,MASTERCARD,7645,553.15,USD,SALE,2026-06-09T12:00:00Z
TXN-000406,MERCH-004,ORD-004-93136,VISA,7651,402.29,USD,SALE,2026-06-07T12:00:00Z
TXN-000296,MERCH-002,ORD-002-61173,MASTERCARD,2724,229.97,USD,SALE,2026-06-08T12:00:00Z
TXN-000056,MERCH-002,ORD-002-91070,MASTERCARD,2056,755.05,USD,SALE,2026-06-07T12:00:00Z
TXN-000051,MERCH-007,ORD-007-59615,VISA,2858,801.46,USD,SALE,2026-06-07T12:00:00Z
TXN-000213,MERCH-005,ORD-005-25860,VISA,5559,270.26,USD,SALE,2026-06-10T12:00:00Z
TXN-000328,MERCH-005,ORD-005-40828,MASTERCARD,4441,221.75,USD,SALE,2026-06-03T12:00:00Z
TXN-000337,MERCH-003,ORD-003-20745,VISA,0543,832.93,USD,SALE,2026-06-09T12:00:00Z
TXN-000279,MERCH-007,ORD-007-22833,AMEX,9194,507.98,USD,SALE,2026-06-08T12:00:00Z
TXN-000441,MERCH-005,ORD-005-23473,VISA,6227,805.07,USD,SALE,2026-06-08T12:00:00Z
TXN-000484,MERCH-002,ORD-002-70332,AMEX,4689,-305.73,USD,REFUND,2026-06-11T12:00:00Z
TXN-000360,MERCH-001,ORD-001-91416,AMEX,0019,396.63,USD,SALE,2026-06-01T12:00:00Z
TXN-000280,MERCH-006,ORD-006-16630,AMEX,9171,436.89,USD,SALE,2026-06-08T12:00:00Z
TXN-000487,MERCH-007,ORD-007-37535,MASTERCARD,6532,-54.12,USD,REFUND,2026-06-06T12:00:00Z
TXN-000409,MERCH-004,ORD-004-15778,MASTERCARD,8540,422.60,USD,SALE,2026-06-07T12:00:00Z
TXN-000509,MERCH-006,ORD-006-67912,MASTERCARD,3616,-35.81,USD,REFUND,2026-06-11T12:00:00Z
TXN-000015,MERCH-004,ORD-004-13905,VISA,3818,147.04,USD,SALE,2026-06-03T12:00:00Z
TXN-000161,MERCH-006,ORD-006-33416,MASTERCARD,9825,455.71,USD,SALE,2026-06-07T12:00:00Z
TXN-000163,MERCH-005,ORD-005-23947,VISA,5472,142.70,USD,SALE,2026-06-10T12:00:00Z
TXN-000442,MERCH-003,ORD-003-56357,VISA,1461,582.17,USD,SALE,2026-06-04T12:00:00Z
TXN-000381,MERCH-001,ORD-001-11025,VISA,7101,245.67,USD,SALE,2026-06-06T12:00:00Z
TXN-000372,MERCH-003,ORD-003-58434,VISA,2011,553.42,USD,SALE,2026-06-01T12:00:00Z
TXN-000501,MERCH-003,ORD-003-85674,DISCOVER,8916,-79.14,USD,REFUND,2026-06-03T12:00:00Z
TXN-000488,MERCH-003,ORD-003-62581,MASTERCARD,6196,-258.28,USD,REFUND,2026-06-12T12:00:00Z
TXN-000018,MERCH-007,ORD-007-40495,MASTERCARD,1701,209.85,USD,SALE,2026-06-08T12:00:00Z
TXN-000466,MERCH-004,ORD-004-55830,AMEX,3470,702.05,USD,SALE,2026-06-04T12:00:00Z
TXN-000532,MERCH-001,ORD-001-67199,DISCOVER,3966,117.32,USD,SALE,2026-06-03T12:00:00Z
TXN-000451,MERCH-007,ORD-007-13248,DISCOVER,7349,137.53,USD,SALE,2026-06-09T12:00:00Z
TXN-000338,MERCH-002,ORD-002-64948,AMEX,6217,522.54,USD,SALE,2026-06-10T12:00:00Z
TXN-000258,MERCH-007,ORD-007-95649,MASTERCARD,5449,278.24,USD,SALE,2026-06-07T12:00:00Z
TXN-000178,MERCH-004,ORD-004-74042,VISA,0860,296.21,USD,SALE,2026-06-07T12:00:00Z
TXN-000373,MERCH-005,ORD-005-47353,VISA,2679,75.65,USD,SALE,2026-06-02T12:00:00Z
TXN-000491,MERCH-003,ORD-003-45382,MASTERCARD,3948,-60.67,USD,REFUND,2026-06-01T12:00:00Z
TXN-000447,MERCH-008,ORD-008-41029,MASTERCARD,7655,435.34,USD,SALE,2026-06-03T12:00:00Z
TXN-000220,MERCH-002,ORD-002-82603,MASTERCARD,1298,767.31,USD,SALE,2026-06-04T12:00:00Z
TXN-000411,MERCH-001,ORD-001-53719,MASTERCARD,4037,69.61,USD,SALE,2026-06-02T12:00:00Z
TXN-000486,MERCH-002,ORD-002-91070,MASTERCARD,2056,-492.02,USD,REFUND,2026-06-07T12:00:00Z
TXN-000496,MERCH-003,ORD-003-25014,DISCOVER,4859,-32.24,USD,REFUND,2026-06-09T12:00:00Z
TXN-000370,MERCH-005,ORD-005-19016,MASTERCARD,8081,900.12,USD,SALE,2026-06-01T12:00:00Z
TXN-000300,MERCH-002,ORD-002-65444,VISA,8102,107.81,USD,SALE,2026-06-08T12:00:00Z
TXN-000008,MERCH-001,ORD-001-23434,MASTERCARD,9692,466.85,USD,SALE,2026-06-09T12:00:00Z
TXN-000323,MERCH-007,ORD-007-34356,VISA,2811,79.63,USD,SALE,2026-06-03T12:00:00Z
TXN-000519,MERCH-008,ORD-008-53404,AMEX,3107,47.84,USD,SALE,2026-06-01T12:00:00Z
TXN-000241,MERCH-004,ORD-004-84847,AMEX,6195,927.89,USD,SALE,2026-06-10T12:00:00Z
TXN-000170,MERCH-005,ORD-005-30032,MASTERCARD,4050,193.47,USD,SALE,2026-06-05T12:00:00Z
TXN-000117,MERCH-007,ORD-007-80644,MASTERCARD,3390,458.33,USD,SALE,2026-06-07T12:00:00Z
TXN-000396,MERCH-001,ORD-001-37607,VISA,4446,249.43,USD,SALE,2026-06-09T12:00:00Z
TXN-000309,MERCH-007,ORD-007-85914,VISA,1808,559.18,USD,SALE,2026-06-10T12:00:00Z
TXN-000107,MERCH-005,ORD-005-95909,AMEX,3566,385.60,USD,SALE,2026-06-02T12:00:00Z
TXN-000035,MERCH-002,ORD-002-46421,MASTERCARD,7299,379.41,USD,SALE,2026-06-07T12:00:00Z
TXN-000402,MERCH-008,ORD-008-74032,VISA,7087,893.04,USD,SALE,2026-06-09T12:00:00Z
TXN-000145,MERCH-005,ORD-005-11504,VISA,4532,447.51,USD,SALE,2026-06-07T12:00:00Z
TXN-000345,MERCH-003,ORD-003-36772,VISA,5020,248.49,USD,SALE,2026-06-04T12:00:00Z
TXN-000189,MERCH-007,ORD-007-73699,VISA,4995,368.56,USD,SALE,2026-06-01T12:00:00Z
TXN-000434,MERCH-002,ORD-002-57795,MASTERCARD,0918,918.37,USD,SALE,2026-06-03T12:00:00Z
TXN-000169,MERCH-005,ORD-005-36071,MASTERCARD,6623,900.94,USD,SALE,2026-06-09T12:00:00Z
TXN-000109,MERCH-005,ORD-005-61856,AMEX,6208,123.26,USD,SALE,2026-06-01T12:00:00Z
TXN-000344,MERCH-008,ORD-008-44179,MASTERCARD,9093,69.62,USD,SALE,2026-06-06T12:00:00Z
TXN-000185,MERCH-004,ORD-004-41571,MASTERCARD,9680,80.33,USD,SALE,2026-06-06T12:00:00Z
TXN-000077,MERCH-001,ORD-001-97841,MASTERCARD,4857,171.38,USD,SALE,2026-06-04T12:00:00Z
TXN-000243,MERCH-005,ORD-005-71953,MASTERCARD,2232,534.00,USD,SALE,2026-06-06T12:00:00Z
TXN-000473,MERCH-008,ORD-008-55745,VISA,3142,-288.15,USD,REFUND,2026-06-07T12:00:00Z
TXN-000277,MERCH-003,ORD-003-68082,MASTERCARD,8290,612.78,USD,SALE,2026-06-07T12:00:00Z
TXN-000208,MERCH-008,ORD-008-95180,VISA,6726,182.55,USD,SALE,2026-06-01T12:00:00Z
TXN-000278,MERCH-008,ORD-008-82132,VISA,1455,766.03,USD,SALE,2026-06-09T12:00:00Z
TXN-000094,MERCH-002,ORD-002-99733,VISA,2155,691.99,USD,SALE,2026-06-02T12:00:00Z
TXN-000088,MERCH-006,ORD-006-70589,MASTERCARD,8213,618.20,USD,SALE,2026-06-02T12:00:00Z
TXN-000461,MERCH-007,ORD-007-15075,VISA,8579,309.95,USD,SALE,2026-06-07T12:00:00Z
TXN-000164,MERCH-006,ORD-006-91959,MASTERCARD,6784,143.24,USD,SALE,2026-06-04T12:00:00Z
TXN-000378,MERCH-006,ORD-006-90173,AMEX,0487,612.05,USD,SALE,2026-06-02T12:00:00Z
TXN-000479,MERCH-008,ORD-008-42706,VISA,6306,-247.47,USD,REFUND,2026-06-06T12:00:00Z
TXN-000536,MERCH-001,ORD-001-60488,MASTERCARD,7470,-646.56,USD,REFUND,2026-06-04T12:00:00Z
TXN-000298,MERCH-007,ORD-007-69638,MASTERCARD,0515,900.63,USD,SALE,2026-06-07T12:00:00Z
TXN-000110,MERCH-005,ORD-005-94259,MASTERCARD,4193,800.75,USD,SALE,2026-06-10T12:00:00Z
TXN-000320,MERCH-003,ORD-003-17455,AMEX,8541,97.73,USD,SALE,2026-06-07T12:00:00Z
TXN-000003,MERCH-008,ORD-008-13278,MASTERCARD,9331,581.87,USD,SALE,2026-06-03T12:00:00Z
TXN-000362,MERCH-006,ORD-006-23104,MASTERCARD,4637,388.18,USD,SALE,2026-06-10T12:00:00Z
TXN-000242,MERCH-004,ORD-004-85525,VISA,6613,23.77,USD,SALE,2026-06-01T12:00:00Z
TXN-000311,MERCH-002,ORD-002-17989,VISA,6802,819.89,USD,SALE,2026-06-09T12:00:00Z
TXN-000203,MERCH-005,ORD-005-80686,VISA,1954,785.12,USD,SALE,2026-06-10T12:00:00Z
TXN-000096,MERCH-001,ORD-001-17331,AMEX,3972,449.90,USD,SALE,2026-06-03T12:00:00Z
TXN-000272,MERCH-007,ORD-007-34050,MASTERCARD,1828,591.88,USD,SALE,2026-06-04T12:00:00Z
TXN-000306,MERCH-002,ORD-002-48890,AMEX,6343,821.34,USD,SALE,2026-06-05T12:00:00Z
TXN-000198,MERCH-007,ORD-007-44741,VISA,3044,159.96,USD,SALE,2026-06-05T12:00:00Z
TXN-000352,MERCH-006,ORD-006-99792,MASTERCARD,5965,169.07,USD,SALE,2026-06-02T12:00:00Z
TXN-000193,MERCH-001,ORD-001-26828,AMEX,1678,55.05,USD,SALE,2026-06-08T12:00:00Z
TXN-000443,MERCH-007,ORD-007-83385,VISA,4622,145.89,USD,SALE,2026-06-05T12:00:00Z
TXN-000367,MERCH-004,ORD-004-99702,VISA,4100,338.38,USD,SALE,2026-06-09T12:00:00Z
TXN-000195,MERCH-005,ORD-005-72296,VISA,1821,158.41,USD,SALE,2026-06-06T12:00:00Z
TXN-000226,MERCH-004,ORD-004-92719,VISA,0299,695.43,USD,SALE,2026-06-04T12:00:00Z
TXN-000387,MERCH-004,ORD-004-27601,VISA,2815,401.80,USD,SALE,2026-06-05T12:00:00Z
TXN-000541,MERCH-003,ORD-003-67154,VISA,0601,805.03,USD,SALE,2026-06-01T12:00:00Z
TXN-000239,MERCH-008,ORD-008-80678,VISA,0755,572.04,USD,SALE,2026-06-01T12:00:00Z
TXN-000126,MERCH-005,ORD-005-76784,VISA,4477,631.94,USD,SALE,2026-06-02T12:00:00Z
TXN-000419,MERCH-003,ORD-003-83519,VISA,5535,317.09,USD,SALE,2026-06-08T12:00:00Z
TXN-000423,MERCH-008,ORD-008-29536,VISA,9803,282.69,USD,SALE,2026-06-07T12:00:00Z
TXN-000140,MERCH-006,ORD-006-88104,AMEX,3696,741.81,USD,SALE,2026-06-09T12:00:00Z
TXN-000529,MERCH-008,ORD-008-66959,VISA,9577,607.96,USD,SALE,2026-06-09T12:00:00Z
TXN-000533,MERCH-007,ORD-007-89457,VISA,8532,357.87,USD,SALE,2026-06-08T12:00:00Z
TXN-000305,MERCH-008,ORD-008-34890,AMEX,7823,125.74,USD,SALE,2026-06-07T12:00:00Z
TXN-000024,MERCH-008,ORD-008-95181,MASTERCARD,7629,125.06,USD,SALE,2026-06-04T12:00:00Z
